Operateur;x;y;2G;3G;4G
20801;102980;6847973;1;1;0
20810;103113;6848661;1;1;0
20820;103114;6848664;1;1;1
20801;112032;6840427;0;1;1
20801;115635;6799938;1;1;0
20820;124571;6834344;1;1;1
20820;124695;6799102;1;0;0
20801;124754;6834397;1;1;0
20820;126832;6850891;1;1;0
20801;126839;6850905;1;1;0
20810;127043;6835882;1;1;1
20801;127568;6845233;1;1;1
20801;128710;6798555;1;1;1
20820;128752;6833527;1;1;1
20815;128760;6833539;0;1;1
20801;128766;6833546;1;1;1
20810;128770;6833549;1;1;0
20820;128841;6844669;1;1;1
20815;128862;6844668;0;1;1
20815;129220;6848789;0;1;1
20810;129264;6848863;1;1;0
20820;129846;6839759;1;1;0
20801;129865;6839792;1;1;1
20820;129878;6798001;1;1;0
20810;129879;6797996;1;1;0
20815;129898;6798012;0;1;1
20810;130114;6854345;1;1;0
20810;130418;6842903;1;1;0
20820;133248;6855889;1;1;0
20810;134821;6834024;1;1;1
20815;134823;6834038;0;1;1
20820;135262;6852772;1;1;1
20810;135263;6852800;1;1;0
20815;135264;6852783;0;1;0
20801;135264;6852806;1;1;1
20801;135485;6833857;1;1;1
20801;136567;6836278;0;1;1
20810;136592;6841494;0;1;0
20801;136595;6841496;0;1;1
20810;136658;6836986;1;1;1
20801;136672;6836980;1;1;0
20820;136709;6836971;1;1;1
20810;136918;6844810;1;1;0
20820;136926;6833491;1;1;1
20810;137269;6797110;1;1;0
20801;137508;6843513;1;1;1
20820;137794;6843213;1;1;1
20801;137903;6835712;1;1;1
20815;137945;6843006;0;1;1
20810;138045;6836907;1;1;1
20815;138048;6836906;0;1;1
20820;138073;6823980;1;1;1
20801;138074;6823972;1;1;0
20810;138177;6823771;1;1;0
20815;138179;6823798;0;1;0
20810;138848;6856582;1;1;0
20820;138848;6856585;1;1;0
20815;139223;6852006;0;1;0
20820;139226;6852004;1;1;1
20801;139381;6812351;1;1;0
20810;139902;6835505;1;1;1
20801;139907;6835500;1;1;0
20801;140028;6795550;1;1;1
20810;140032;6795537;0;1;0
20820;140033;6795536;1;1;0
20815;140035;6795539;0;1;1
20801;140057;6833570;1;1;1
20810;140081;6842315;1;1;0
20810;140594;6833532;1;1;1
20820;140606;6833537;1;1;1
20820;140746;6841216;1;1;1
20801;140754;6841227;1;1;1
20820;141217;6845048;1;1;1
20801;141469;6794973;1;1;1
20815;141897;6840844;0;1;1
20801;141899;6840848;1;1;1
20801;142146;6834833;1;1;0
20801;142162;6845551;1;1;0
20801;142505;6839777;1;1;0
20810;142515;6839739;1;1;0
20801;142613;6818411;0;1;1
20801;142726;6858673;1;1;0
20820;142727;6858669;1;0;0
20801;142764;6835819;0;1;1
20810;143070;6795023;1;1;0
20801;143096;6835223;1;1;0
20810;143101;6835220;1;1;1
20801;143246;6796660;1;1;0
20820;143252;6836009;1;1;1
20820;143253;6796649;1;1;0
20815;143261;6796657;0;1;1
20810;143346;6834453;1;1;1
20820;143534;6835381;1;1;1
20810;143693;6838607;1;1;1
20801;143706;6835896;1;1;1
20820;143721;6836353;0;1;0
20820;143744;6836137;1;1;1
20815;143846;6836139;0;1;1
20810;143853;6836141;1;1;1
20801;144094;6837276;1;1;1
20810;144485;6820483;1;1;0
20815;144487;6820496;0;1;1
20801;144607;6820243;1;1;1
20810;144607;6846681;1;0;0
20820;144650;6835630;1;1;1
20810;144663;6835636;1;1;1
20815;144668;6835629;0;1;1
20820;144702;6838541;1;1;1
20815;144775;6838411;0;1;1
20801;144789;6838423;1;1;1
20801;144796;6835589;1;1;1
20810;144880;6856807;1;1;1
20801;145035;6836166;0;1;1
20810;145056;6841887;1;1;1
20801;145060;6841895;1;1;0
20820;145061;6841894;1;1;1
20815;145062;6841894;0;1;1
20820;145154;6836575;1;1;1
20810;145204;6835519;1;1;1
20801;145216;6837970;1;1;1
20810;145218;6837969;1;1;1
20801;145233;6836599;1;1;1
20810;145235;6836483;1;1;1
20815;145247;6836492;0;1;1
20801;145347;6835997;1;0;0
20820;145445;6860991;1;1;0
20801;145453;6855967;0;1;0
20801;145456;6823087;0;0;0
20820;145497;6835869;1;1;1
20820;145536;6820163;1;1;1
20801;145615;6835818;1;1;1
20801;145696;6838740;1;1;0
20820;145754;6837668;1;1;1
20815;145754;6837679;0;1;1
20810;145934;6847505;1;1;0
20820;145949;6847510;1;1;0
20810;146006;6838487;1;1;1
20815;146011;6838496;0;1;1
20801;146059;6857350;1;1;1
20815;146069;6836684;0;1;1
20801;146090;6835696;1;1;0
20810;146105;6836686;1;1;1
20820;146264;6791515;1;1;0
20815;146265;6791515;0;1;1
20801;146280;6837789;1;1;1
20810;146282;6791513;1;1;0
20810;146286;6837774;1;1;1
20810;146296;6836331;1;1;1
20801;146427;6836272;1;1;1
20820;146429;6836950;1;1;1
20801;146440;6836946;1;1;1
20820;146455;6836068;0;0;1
20820;146548;6836378;1;1;1
20810;146549;6837030;1;1;1
20810;146581;6839159;1;1;1
20810;146631;6835858;1;1;0
20801;146703;6791134;1;1;0
20820;146720;6836358;1;0;0
20801;146756;6852775;1;1;0
20815;146758;6840049;0;1;0
20801;146759;6840053;1;1;1
20801;146763;6848446;1;1;0
20810;146820;6836403;1;1;1
20801;146822;6836040;1;1;1
20820;146860;6836010;1;1;1
20801;146884;6836539;1;1;1
20815;146887;6837043;0;1;1
20810;146905;6837061;1;1;1
20820;146921;6836607;1;0;0
20801;146980;6837209;1;1;1
20815;147007;6856437;0;1;1
20820;147023;6856406;1;1;0
20801;147052;6836897;0;1;1
20810;147054;6836884;1;1;1
20820;147075;6839197;1;1;1
20820;147079;6836558;1;0;1
20820;147084;6836503;1;1;1
20801;147126;6836537;0;0;0
20820;147161;6837407;1;1;1
20801;147306;6839053;1;1;1
20801;147478;6836749;1;1;1
20801;147489;6838248;1;1;1
20810;147649;6835625;1;1;1
20810;147651;6836172;1;1;1
20801;147660;6836184;1;1;1
20820;147665;6835631;1;1;1
20810;147697;6838762;1;1;1
20810;147698;6837006;1;1;1
20810;147718;6836599;1;1;1
20820;147745;6840480;1;0;0
20801;147805;6823979;1;1;0
20815;147877;6838761;0;1;1
20810;147933;6835307;1;0;0
20815;147945;6843572;0;1;1
20820;147950;6843572;1;1;1
20801;147979;6799006;1;1;0
20801;147982;6843617;1;1;1
20810;148087;6837613;1;1;1
20815;148088;6837614;0;1;1
20801;148091;6837628;1;1;1
20801;148146;6842502;1;1;1
20801;148205;6860258;1;1;1
20810;148211;6860254;1;1;0
20820;148323;6837516;1;1;1
20810;148324;6837517;0;1;0
20820;148425;6836747;1;1;1
20815;148440;6836762;0;1;1
20810;148524;6836656;1;1;1
20801;148528;6836661;1;1;1
20820;148551;6838825;1;1;1
20810;148555;6837987;1;1;1
20801;148587;6838831;0;1;0
20815;148652;6837910;0;1;1
20810;148750;6840360;1;1;1
20801;148917;6839329;1;1;1
20810;148978;6839557;1;1;1
20801;148997;6837778;1;1;1
20820;149088;6840371;1;1;1
20801;149095;6840372;1;1;0
20815;149153;6840450;0;1;1
20820;149477;6837139;1;1;1
20801;149480;6836231;1;1;1
20810;149482;6836210;1;1;1
20815;149515;6836165;0;1;1
20801;149558;6837196;1;1;1
20810;149689;6837098;1;1;1
20815;149692;6837097;0;1;1
20801;149815;6770693;1;1;1
20810;149844;6843394;1;1;1
20801;149852;6843399;1;1;0
20801;150238;6840176;0;1;0
20801;150343;6772730;1;1;1
20820;150395;6831904;1;1;1
20820;150462;6791556;1;1;1
20810;150488;6837542;1;1;1
20801;150522;6837524;1;1;0
20820;150583;6771074;1;1;1
20810;150588;6771075;1;1;1
20815;150617;6832088;0;1;1
20810;150621;6832070;1;1;1
20801;151046;6771419;0;1;1
20820;151156;6851526;1;1;1
20801;151156;6851539;1;1;0
20801;151287;6847896;0;1;0
20801;151455;6836769;1;1;0
20801;151485;6839371;0;1;0
20820;151910;6837619;1;1;1
20801;152076;6838156;1;1;0
20801;152199;6841129;1;1;1
20820;152319;6841083;1;1;1
20810;152319;6841107;1;1;1
20815;152321;6841091;0;1;0
20820;152487;6848410;1;1;1
20810;152493;6848409;1;1;1
20801;152495;6848411;1;1;1
20801;152552;6836505;1;1;1
20801;152740;6787700;1;1;0
20810;153217;6801245;1;1;1
20820;153218;6801243;1;1;1
20815;153234;6801237;0;1;1
20801;153334;6840530;1;1;1
20801;153732;6791863;1;1;0
20820;153829;6771523;1;1;1
20810;153834;6771525;1;1;1
20820;154089;6837741;1;1;1
20810;154111;6837723;1;1;1
20801;154115;6837737;1;1;0
20801;154258;6801973;1;1;1
20810;154301;6839018;1;1;1
20815;154303;6839035;0;1;1
20820;154306;6839028;1;1;1
20801;154519;6800979;1;1;1
20801;154680;6833853;1;1;1
20820;155170;6802286;0;1;0
20810;155239;6817271;1;1;0
20820;155240;6817286;1;1;1
20815;155240;6817286;0;1;1
20801;155245;6817274;1;1;1
20820;155247;6802051;1;1;1
20810;155349;6802775;1;1;0
20801;155350;6802771;1;1;1
20815;155358;6787625;0;1;0
20810;155367;6787605;1;1;1
20801;155400;6801480;0;1;0
20810;155458;6834857;1;1;1
20801;155462;6834871;1;0;0
20820;155464;6834857;1;1;0
20820;155483;6769022;1;1;1
20810;155486;6769021;1;1;1
20801;155486;6769024;0;1;0
20810;155861;6833195;1;1;1
20820;155868;6833207;1;1;1
20815;155875;6833198;0;1;1
20820;155961;6782583;1;1;1
20815;155962;6782584;0;1;1
20810;155966;6782583;1;1;1
20820;156017;6773969;1;1;1
20810;156017;6773969;1;1;1
20820;156065;6851087;1;1;0
20801;156084;6770191;1;1;1
20810;156152;6775436;1;1;0
20801;156173;6773231;1;1;0
20820;156515;6770098;1;1;0
20815;156543;6770102;0;1;1
20801;156651;6842872;1;1;1
20801;157297;6801243;1;1;1
20810;157300;6801237;1;1;0
20820;157325;6801230;1;1;1
20810;157491;6851512;1;1;0
20820;157616;6780309;1;1;1
20815;157616;6780309;0;1;1
20810;157616;6780309;1;1;1
20801;157704;6782009;1;1;0
20810;157850;6790389;1;1;0
20801;157913;6864558;1;1;0
20820;157921;6864519;1;1;1
20810;157951;6864521;1;1;1
20820;158914;6843963;1;1;1
20810;159014;6841175;1;1;0
20820;159024;6839619;1;1;0
20801;159191;6775970;0;1;1
20820;159611;6855434;1;1;1
20801;159617;6855425;1;1;1
20815;159626;6835179;0;1;1
20810;159692;6834987;1;1;0
20801;159711;6834157;1;1;1
20810;159782;6855222;1;0;0
20810;159848;6769657;1;1;0
20801;159852;6769671;1;1;0
20801;160226;6790903;1;1;0
20810;160242;6796170;1;1;1
20815;160352;6856028;0;1;1
20801;160353;6856032;1;1;0
20801;160624;6828148;1;1;0
20820;160628;6828145;1;1;0
20815;160629;6828146;0;1;1
20810;160690;6777672;1;1;1
20801;160693;6777674;1;1;1
20820;160705;6777708;1;1;1
20801;160726;6776122;1;1;1
20801;160743;6854160;1;1;0
20820;160785;6795341;1;1;0
20820;161570;6850923;1;1;0
20810;161610;6850903;1;1;0
20815;161623;6850861;0;1;1
20801;161632;6850861;1;1;0
20820;161706;6793610;1;1;0
20815;161716;6793632;0;1;1
20820;161933;6832674;1;1;1
20820;162273;6772659;1;1;1
20810;162281;6772653;1;1;1
20801;162487;6770074;0;1;0
20810;162648;6794667;1;1;0
20810;162772;6841750;1;1;0
20801;162994;6838745;1;1;1
20810;163117;6858470;1;1;0
20815;163190;6858456;0;1;0
20801;163468;6840776;1;1;0
20820;163595;6842726;1;1;0
20801;163702;6805577;1;1;1
20801;163703;6843054;1;1;0
20820;163709;6805590;1;1;1
20815;163710;6805590;0;1;1
20820;163742;6796442;1;1;0
20810;163814;6842341;1;1;1
20815;163836;6842325;0;1;1
20815;163982;6831586;0;1;1
20810;164011;6831715;1;1;0
20801;164037;6831762;1;1;1
20815;164103;6771701;0;1;1
20810;164126;6789264;1;1;1
20801;164128;6789298;1;1;0
20820;164134;6789263;1;1;1
20815;164135;6789264;0;1;1
20820;164137;6771745;1;1;1
20801;164139;6771740;1;1;1
20810;164264;6844971;1;1;1
20801;164267;6844984;1;0;0
20820;164267;6844986;1;1;1
20815;164267;6844986;0;1;0
20820;164414;6784959;1;1;1
20810;164419;6784964;1;1;1
20810;165070;6777851;1;1;1
20801;165095;6777818;1;1;1
20815;165096;6777813;0;1;1
20820;165101;6777825;1;1;1
20820;165139;6827759;1;0;0
20810;165159;6827730;1;1;1
20820;165364;6801015;1;1;1
20815;165364;6801016;0;1;1
20810;165513;6839045;1;0;0
20820;165631;6840486;1;1;0
20815;165637;6840486;0;1;0
20801;165639;6840489;1;1;1
20801;165862;6786376;1;1;0
20801;165992;6798322;1;1;0
20801;166030;6826292;1;1;0
20801;167095;6784447;1;1;0
20820;167109;6825075;1;1;0
20815;167167;6825069;0;1;1
20815;167471;6776976;0;1;1
20801;167472;6776980;1;1;1
20820;167519;6787028;1;1;1
20815;167519;6787028;0;1;1
20810;167553;6787027;1;1;1
20801;168415;6787585;1;1;0
20815;168631;6859865;0;1;0
20801;168632;6859869;1;1;1
20820;168674;6790255;1;1;1
20810;168679;6790256;1;1;1
20815;168684;6790247;0;1;0
20801;168686;6790251;1;1;1
20820;168713;6815146;1;1;0
20820;168878;6788866;1;1;1
20810;168878;6788866;1;1;1
20801;169026;6793681;1;1;0
20801;169141;6789018;1;1;1
20810;169265;6776941;1;1;1
20820;169268;6776941;1;1;1
20801;169270;6776946;1;1;1
20801;169522;6811311;0;1;0
20820;169647;6803844;1;1;1
20810;169647;6803844;1;1;1
20815;169648;6803845;0;1;1
20801;169921;6789443;1;1;1
20820;169990;6821085;1;1;1
20810;169990;6821085;1;1;1
20801;170007;6821092;1;1;0
20810;170095;6789845;1;0;0
20815;170166;6821193;0;1;1
20820;170270;6859678;1;1;1
20810;170273;6859684;1;1;1
20801;170284;6846513;1;0;0
20801;170428;6790037;1;1;1
20820;170434;6790017;1;1;1
20801;170507;6791344;1;1;1
20801;170733;6789441;1;1;0
20820;170783;6788421;1;1;1
20810;170796;6788400;1;1;1
20801;170798;6788403;1;1;1
20810;170851;6789618;1;1;1
20820;170852;6789624;1;1;1
20801;171198;6789936;1;1;1
20801;171259;6786799;1;0;0
20801;171262;6851215;1;1;0
20810;171272;6791435;1;0;0
20820;171274;6851221;1;1;0
20810;171274;6851221;1;1;0
20815;171275;6851222;0;1;0
20815;171298;6812658;0;1;1
20820;171311;6791312;1;1;1
20810;171316;6791314;1;1;1
20801;171337;6787513;0;0;0
20820;171390;6787545;1;1;1
20820;171404;6864240;1;1;1
20820;171405;6812711;1;1;1
20801;171412;6864242;1;1;1
20810;171439;6788897;1;1;1
20810;171443;6812658;1;1;1
20815;171445;6864236;0;1;1
20820;171456;6788885;1;1;1
20801;171646;6789010;1;1;0
20801;171684;6791138;1;1;0
20815;171694;6789013;0;1;1
20810;171761;6782006;1;1;1
20815;171772;6781994;0;1;1
20820;171796;6782037;1;1;1
20820;171957;6788991;1;1;1
20810;171959;6788969;1;1;1
20801;171978;6788935;1;0;0
20801;172162;6791923;1;1;0
20815;172387;6792340;0;1;1
20801;172604;6790013;0;1;0
20810;172623;6844930;1;0;0
20820;172654;6787476;1;1;1
20801;172656;6787481;1;1;0
20810;172658;6787483;1;1;1
20815;172661;6787481;0;1;0
20801;172704;6821215;1;1;0
20820;172709;6787789;1;0;0
20810;172752;6789969;1;1;1
20820;172752;6789975;1;1;1
20815;172752;6789975;0;1;1
20801;172913;6790956;1;1;1
20820;172985;6818736;1;1;1
20810;172994;6818732;1;1;1
20801;173050;6788309;1;1;1
20810;173052;6788222;1;1;1
20820;173060;6788213;1;1;1
20801;173095;6848546;0;0;1
20810;173241;6794607;1;1;1
20820;173241;6794609;1;1;1
20820;173396;6780325;1;1;1
20801;173408;6789627;1;1;1
20810;173411;6780319;1;1;1
20801;173418;6780330;1;1;0
20801;173477;6815780;1;1;0
20810;173572;6863604;1;1;1
20820;173583;6863576;1;1;1
20801;173679;6812660;1;1;1
20820;173795;6846192;1;1;0
20810;173795;6846192;0;1;0
20815;173796;6846193;0;1;0
20801;173797;6846196;0;1;0
20801;173881;6794655;1;1;0
20815;173906;6794633;0;1;1
20801;173985;6808111;1;1;0
20801;174101;6788281;1;1;1
20810;174404;6819592;0;1;0
20801;174846;6788347;1;1;1
20820;174875;6855144;1;1;1
20810;174875;6855144;1;1;1
20801;175029;6790732;1;1;0
20820;175043;6790725;1;1;1
20815;175044;6790725;0;1;1
20810;175048;6790725;1;1;1
20801;175168;6789869;1;1;0
20815;175215;6818660;0;1;1
20801;175322;6818383;1;1;1
20801;175412;6840209;1;1;1
20820;175594;6813345;1;1;1
20810;175594;6813345;1;1;1
20820;175721;6777789;1;1;1
20815;175724;6777736;0;1;1
20810;175759;6777765;1;1;1
20820;175866;6857013;1;1;1
20810;175866;6857013;1;1;1
20815;175896;6857044;0;1;1
20810;176063;6788070;1;1;1
20820;176097;6788098;1;1;1
20815;176281;6813698;0;1;1
20801;176282;6813702;1;1;1
20801;176287;6777968;1;1;1
20820;176344;6834515;1;1;0
20815;176371;6834512;0;1;1
20801;176386;6793207;0;1;0
20810;176528;6783389;1;1;1
20801;176535;6783382;1;1;0
20820;176539;6783398;1;1;1
20820;176659;6774723;1;1;1
20815;176659;6774723;0;1;1
20801;176661;6774728;1;1;1
20810;176673;6774689;1;1;1
20820;176694;6788187;1;0;0
20801;176728;6799981;1;1;0
20801;177015;6787721;1;1;0
20815;177170;6806954;0;1;1
20820;177349;6790966;1;1;1
20815;177349;6790987;0;1;1
20810;177352;6790969;1;1;1
20820;177454;6847542;1;0;0
20801;177461;6864611;1;1;1
20815;177547;6864630;0;1;1
20801;177552;6776963;0;1;0
20810;177560;6864646;1;1;1
20820;177562;6864642;1;1;1
20820;177676;6847597;1;1;1
20810;177676;6847597;1;1;1
20801;177738;6845946;0;1;0
20820;177748;6800836;1;1;1
20810;177748;6800836;1;1;1
20815;177786;6800855;0;1;1
20820;178036;6806900;1;1;1
20810;178036;6806900;1;1;1
20820;178149;6837179;1;1;1
20810;178149;6837179;1;1;1
20801;178230;6774231;0;1;1
20810;178445;6788001;1;1;1
20820;178513;6787909;1;1;1
20801;178524;6846354;1;1;1
20820;178533;6786620;1;1;1
20810;178543;6786615;1;1;1
20815;178553;6786600;0;1;1
20801;178714;6848273;1;1;0
20810;178730;6779796;1;1;1
20820;178735;6779796;1;1;1
20801;178836;6844693;1;1;0
20810;178866;6844706;1;1;1
20820;178874;6844708;1;1;1
20820;179013;6799476;1;1;1
20810;179013;6799476;1;1;1
20801;179244;6782707;1;1;0
20801;179410;6847101;0;1;1
20820;179474;6862862;1;1;1
20810;179474;6862862;1;1;1
20801;179546;6792417;1;1;0
20820;179688;6852167;1;1;1
20810;179693;6852159;1;1;1
20815;179869;6847289;0;1;1
20820;180320;6800646;1;0;0
20810;180678;6854030;1;1;1
20820;180679;6854037;1;1;1
20801;180691;6854043;1;1;1
20801;180983;6779869;1;1;1
20801;181230;6801938;1;1;1
20820;181437;6828138;1;1;0
20810;181437;6828138;1;1;0
20815;181438;6828139;0;1;0
20801;181439;6828143;1;1;0
20810;181468;6845625;1;1;1
20820;181495;6845657;1;1;1
20801;182228;6785305;1;1;0
20820;182298;6785220;1;1;1
20815;182299;6785221;0;1;1
20810;182300;6785213;1;1;1
20801;182859;6775132;1;1;0
20810;183167;6780531;1;1;1
20820;183175;6780537;1;1;1
20815;183175;6780537;0;1;1
20801;183330;6775018;1;1;1
20815;183607;6776139;0;1;1
20820;183615;6776146;1;1;1
20810;183615;6776152;1;1;1
20801;183617;6776141;1;1;0
20810;183685;6859859;1;1;1
20820;183687;6859845;1;1;1
20820;183910;6821859;1;1;1
20810;183910;6821859;1;1;1
20820;183986;6872438;1;0;0
20810;184098;6814536;1;1;1
20820;184102;6814551;1;1;1
20815;184103;6814552;0;1;1
20815;184264;6778400;0;1;1
20801;184265;6778404;1;1;0
20801;184267;6822214;1;1;0
20810;184311;6866914;1;1;1
20820;184319;6866910;1;1;1
20801;184376;6814718;1;1;0
20801;184501;6774245;1;1;1
20820;184626;6777575;1;1;1
20810;184630;6777570;1;1;1
20815;185037;6866376;0;1;1
20801;185041;6866379;1;1;0
20810;185130;6872453;0;1;0
20820;185177;6787001;1;1;1
20810;185181;6786951;1;1;1
20820;185496;6859785;1;1;1
20815;185499;6859798;0;1;1
20801;185623;6848123;1;1;1
20801;185746;6773612;1;1;0
20801;186040;6862604;1;1;0
20810;186314;6775373;1;1;1
20820;186317;6775385;1;1;1
20801;186319;6775390;1;1;0
20820;186537;6803924;1;1;1
20810;186537;6803924;1;1;1
20801;186538;6868606;1;1;0
20810;186540;6863698;1;1;1
20801;186554;6863683;1;1;1
20810;186555;6868581;1;1;1
20820;186556;6868578;1;1;1
20820;186563;6863677;1;1;1
20815;186564;6863678;0;1;0
20801;187044;6773225;0;1;0
20801;187125;6788399;1;1;0
20810;187740;6787973;1;1;1
20820;187744;6787954;1;1;1
20815;187745;6787979;0;1;1
20815;187868;6869443;0;1;0
20820;187966;6869467;1;1;1
20810;187966;6869467;1;1;1
20801;188011;6869511;0;1;1
20810;188215;6783254;1;1;1
20820;188219;6783264;1;1;1
20820;188431;6847523;1;1;1
20815;188432;6847523;0;1;1
20810;188435;6847520;1;1;1
20815;188519;6767014;0;1;0
20801;188520;6767018;1;1;0
20801;188643;6778124;1;1;0
20810;188649;6778123;1;1;1
20820;188653;6778129;1;1;1
20815;188653;6778130;0;1;1
20820;188967;6767639;1;1;1
20810;188967;6767639;1;1;1
20801;189079;6772617;1;1;1
20820;189922;6772796;1;1;1
20815;189923;6772796;0;1;1
20810;189925;6772806;1;1;1
20801;190398;6785382;0;1;1
20820;190405;6785385;1;1;1
20810;190405;6785385;1;1;1
20801;190658;6783299;0;1;1
20801;190833;6834763;1;1;0
20820;190843;6834786;1;1;1
20815;190843;6834786;0;1;1
20810;190843;6834786;1;1;1
20810;191450;6862231;1;1;1
20801;191455;6862231;1;1;0
20820;191456;6862227;1;1;1
20801;192168;6768884;1;1;0
20815;192180;6857042;0;1;1
20801;192182;6857046;1;1;0
20820;192193;6857045;1;1;0
20810;192202;6857032;1;1;0
20801;192332;6796132;1;1;0
20810;192342;6845431;1;1;1
20801;192344;6845442;1;1;1
20820;192351;6845441;1;1;1
20810;192373;6796142;1;1;1
20820;192410;6796152;1;1;1
20815;192411;6796152;0;1;1
20820;192543;6850040;1;1;0
20801;192549;6850046;1;1;0
20815;192559;6845453;0;1;1
20810;192563;6776574;1;1;1
20820;192564;6776567;1;1;1
20815;192564;6776567;0;1;1
20801;193589;6809597;1;1;1
20820;194062;6810814;1;1;1
20810;194080;6810809;1;1;1
20820;194315;6857564;1;1;0
20810;194315;6857564;1;1;0
20815;194316;6857565;0;1;0
20801;194317;6857568;1;1;0
20810;194359;6815889;1;1;1
20820;194375;6815878;1;1;1
20801;194780;6766586;1;1;1
20820;194781;6766583;1;1;1
20810;194785;6766575;1;1;1
20801;194795;6851418;1;1;1
20801;194903;6853293;0;1;0
20820;194932;6784120;1;1;1
20815;194932;6784120;0;1;1
20810;194947;6784115;1;1;1
20820;195109;6852253;1;1;1
20820;195160;6808813;1;1;1
20810;195160;6808813;1;1;1
20815;195161;6808814;0;1;1
20810;195166;6850939;1;1;1
20820;195179;6850943;1;1;1
20815;195179;6850944;0;1;1
20801;195486;6775156;1;1;0
20801;196103;6772498;1;1;1
20810;196107;6772488;1;1;1
20820;196110;6772483;1;1;1
20815;196111;6772484;0;1;1
20820;196679;6851696;1;0;0
20810;196685;6852720;1;1;0
20820;196688;6852720;1;1;0
20801;196700;6851731;1;1;0
20815;197065;6852780;0;1;1
20801;197074;6852771;1;1;0
20810;197136;6851657;1;1;0
20815;197280;6850747;0;1;1
20820;197305;6854247;1;0;0
20820;197431;6840277;1;1;1
20810;197478;6840311;1;1;1
20810;197959;6853965;1;1;1
20820;197961;6853959;1;1;1
20801;197963;6853963;1;1;1
20801;197998;6850885;1;1;1
20820;198051;6771047;1;1;0
20820;198739;6775449;1;1;1
20810;198739;6775449;1;1;1
20801;199200;6812653;1;1;0
20810;199272;6845430;1;1;0
20820;199783;6853075;1;1;1
20801;199784;6773513;1;1;0
20810;199787;6853078;1;1;0
20801;199838;6847512;1;1;0
20820;199853;6847426;1;1;1
20810;199857;6847428;0;0;1
20820;199933;6865526;1;1;0
20810;199933;6865535;1;1;1
20820;199938;6865539;1;1;1
20801;199943;6865540;1;1;1
20801;200053;6770609;1;1;1
20801;200460;6853154;1;1;0
20820;200505;6826687;1;1;1
20810;200505;6826687;1;1;1
20815;200506;6826688;0;1;0
20801;200508;6826696;1;1;0
20820;200574;6791060;1;1;1
20810;200574;6791060;1;1;1
20820;200606;6827985;1;1;1
20810;200606;6827985;0;0;1
20810;200632;6849098;1;1;0
20820;200763;6781025;1;1;1
20810;200772;6781007;1;1;1
20801;200774;6781009;1;1;0
20801;200810;6765870;1;1;0
20820;201084;6833447;1;1;1
20810;201084;6833447;1;1;1
20820;201110;6788147;1;1;1
20810;201110;6788147;1;1;1
20815;201112;6788165;0;1;1
20801;201113;6788169;1;1;1
20820;201331;6852484;1;1;0
20815;201357;6852471;0;1;1
20801;201485;6791116;1;1;1
20820;202751;6814643;1;1;1
20810;202751;6814643;1;1;1
20820;203001;6776060;1;1;1
20810;203001;6776060;1;1;1
20801;203089;6774425;1;1;0
20801;203809;6782559;1;0;0
20815;204159;6773751;0;1;1
20801;204248;6845584;1;1;0
20820;204535;6766984;1;1;1
20810;204535;6766986;1;1;1
20801;204538;6766989;1;1;1
20810;204551;6846093;1;1;0
20820;204556;6846091;1;1;0
20820;204556;6846091;1;1;1
20820;205118;6859432;1;1;1
20810;205121;6859449;1;1;1
20801;205130;6859447;1;1;0
20801;205246;6814550;1;1;0
20815;205292;6858874;0;1;1
20820;205434;6792799;1;1;1
20810;205434;6792799;1;1;1
20801;206837;6824091;1;1;0
20810;207186;6851136;1;1;0
20801;207193;6851139;1;1;0
20810;207674;6764879;1;1;0
20820;207676;6764879;1;1;0
20801;207679;6764880;1;1;0
20815;208218;6851141;0;1;1
20820;208220;6851140;1;1;0
20801;208453;6801936;1;1;0
20820;208803;6824936;1;1;1
20810;208803;6824936;0;0;1
20815;208807;6824971;0;1;1
20820;208975;6811716;1;1;0
20815;208976;6811716;0;1;0
20801;208977;6811720;1;1;0
20810;209028;6811772;1;1;0
20801;209300;6806499;1;1;0
20801;209590;6816074;1;1;0
20801;209601;6772724;1;1;0
20810;209716;6862624;1;1;1
20820;209718;6862629;1;1;1
20820;210216;6774227;1;1;1
20810;210221;6774221;1;1;1
20801;210221;6774231;1;1;1
20801;210475;6761760;1;1;1
20820;210477;6761762;1;1;1
20810;210481;6761760;1;1;1
20815;210623;6801702;0;1;1
20810;210643;6801700;1;1;1
20820;210652;6801711;1;1;1
20815;210719;6771714;0;1;1
20801;210730;6771730;1;1;1
20820;210740;6771713;1;1;1
20810;211160;6772287;1;1;0
20801;211269;6773185;1;1;0
20820;211323;6806762;1;1;1
20810;211323;6806762;1;1;1
20815;211910;6816340;0;1;1
20820;211932;6816316;1;1;0
20820;211963;6772634;1;1;1
20810;211963;6772634;1;1;1
20801;212001;6771636;1;1;0
20810;212544;6761758;1;1;0
20801;212629;6761774;1;1;0
20820;212684;6859535;1;1;1
20810;212687;6859537;0;0;1
20801;212699;6817652;0;1;1
20801;212703;6859540;1;1;0
20815;212705;6859534;0;1;1
20815;213056;6782469;0;1;1
20820;213133;6782478;1;1;1
20810;213133;6782478;1;1;1
20801;213145;6782489;1;1;0
20801;213221;6817816;1;1;1
20820;213233;6849134;1;1;1
20810;213233;6849134;1;1;1
20801;213237;6818433;1;1;0
20810;213250;6818425;1;1;0
20820;213260;6818431;1;1;0
20820;213271;6844582;1;1;0
20801;213272;6797401;1;1;0
20815;213280;6844581;0;1;1
20801;213281;6850644;1;1;0
20815;213434;6775273;0;1;1
20801;213435;6775277;1;1;0
20801;213437;6860629;1;1;0
20801;213632;6757244;1;1;0
20801;213774;6817202;0;0;0
20820;213838;6769178;1;1;1
20810;213848;6769255;1;1;1
20801;214049;6807564;1;1;0
20820;214110;6816461;1;1;1
20810;214110;6816461;1;1;0
20801;214262;6816627;1;1;1
20801;214717;6763203;1;1;1
20820;214730;6763202;1;1;1
20810;214730;6763202;1;1;1
20810;215054;6844626;1;1;1
20820;215060;6844637;1;1;1
20801;215377;6816717;0;1;0
20810;215527;6745642;1;1;0
20820;215527;6745646;1;1;1
20801;215548;6745666;1;1;1
20810;215793;6757133;1;1;0
20820;215798;6757132;0;1;0
20801;216308;6791477;1;1;1
20815;216529;6771368;0;1;1
20815;216704;6791723;0;1;1
20820;216718;6791699;1;1;1
20810;216718;6791699;1;1;1
20801;216964;6872908;1;1;1
20810;217004;6872879;1;1;1
20820;217011;6872864;1;1;1
20820;217011;6872874;1;1;0
20815;217020;6872893;0;1;1
20810;217217;6832638;1;1;0
20820;217220;6832663;1;1;0
20815;217221;6832663;0;1;0
20801;217222;6832667;1;1;0
20801;217284;6849430;1;1;0
20801;217310;6872456;1;1;0
20820;217335;6849540;1;0;0
20820;217414;6798799;1;1;1
20810;217414;6798799;1;1;1
20801;217928;6756938;1;1;1
20820;217931;6756937;1;1;0
20801;218031;6819567;1;1;0
20810;218310;6864957;1;1;0
20820;218313;6864955;1;1;1
20801;218428;6764787;1;1;0
20820;218429;6764789;1;1;1
20810;218429;6764789;1;1;0
20820;218483;6771409;1;1;1
20810;218483;6771409;1;1;1
20820;218547;6866823;1;1;0
20810;218713;6756868;1;1;1
20820;218726;6756862;1;1;1
20801;218727;6756865;1;1;0
20801;218790;6873818;1;1;0
20810;218795;6873765;1;1;1
20820;218807;6873729;1;1;1
20815;218849;6756868;0;1;1
20801;218856;6774141;1;1;0
20801;219151;6872091;1;1;1
20820;219239;6870867;1;1;0
20820;219239;6870867;1;1;1
20810;219244;6870867;0;0;1
20815;219250;6872293;0;1;1
20820;219491;6753913;1;1;0
20801;219496;6753917;1;1;1
20801;219766;6863461;1;1;0
20801;219789;6762654;1;1;0
20820;219804;6863442;1;1;1
20810;219804;6863442;0;0;1
20815;219804;6863443;0;1;1
20801;219833;6827159;1;1;0
20810;219966;6762024;1;1;1
20820;219967;6762022;1;1;1
20801;220002;6762028;1;1;1
20815;220043;6761985;0;1;1
20810;220050;6863536;1;1;0
20801;220323;6757489;1;1;0
20815;220412;6755589;0;1;1
20801;220419;6755587;1;1;0
20820;220462;6785158;1;1;1
20810;220462;6785158;1;1;1
20820;220496;6837929;1;1;0
20801;220498;6837933;1;1;0
20815;220523;6837943;0;1;0
20810;220523;6837943;1;1;0
20820;220669;6810198;1;1;1
20810;220669;6810198;0;0;1
20815;220669;6810199;0;1;1
20801;220671;6810202;1;1;0
20810;220899;6870356;0;1;0
20801;220916;6870368;1;1;0
20801;221035;6848344;1;1;1
20815;221124;6758194;0;1;1
20810;221127;6758204;1;1;0
20820;221247;6815527;1;1;0
20815;221273;6815539;0;1;1
20820;221339;6757466;1;1;1
20810;221339;6757466;1;1;1
20815;221341;6757474;0;1;1
20820;221364;6872279;1;1;0
20820;221364;6872279;1;1;1
20810;221371;6872280;1;1;1
20801;221376;6753454;1;1;1
20815;221379;6872292;0;1;1
20801;221426;6783550;1;1;0
20810;221457;6844781;1;1;1
20820;221467;6844806;1;1;1
20815;221468;6844806;0;1;1
20815;221531;6768727;0;1;1
20801;221614;6757433;1;1;1
20820;221620;6779586;1;1;1
20810;221620;6779586;1;1;1
20810;221632;6754764;1;1;1
20820;221641;6754776;1;1;1
20820;221657;6768425;1;1;1
20810;221657;6768425;1;1;0
20801;221667;6768424;1;1;0
20810;221765;6857317;1;1;0
20820;221776;6857315;1;1;1
20810;221795;6759768;1;1;1
20815;221797;6759782;0;1;1
20801;221798;6759801;1;1;1
20820;221807;6759775;1;1;1
20815;221868;6854132;0;1;1
20801;221869;6854135;1;1;1
20801;221893;6755535;1;1;0
20820;221902;6827423;1;1;1
20810;221902;6827423;1;1;1
20801;221972;6761573;1;1;0
20810;222175;6878321;1;1;0
20810;222186;6869910;1;1;1
20820;222198;6869912;1;1;1
20815;222199;6869913;0;1;1
20801;222247;6873755;1;1;1
20815;222333;6756818;0;1;1
20801;222338;6878886;1;1;1
20801;222455;6878410;1;1;1
20801;222464;6754353;1;1;1
20810;222469;6756943;1;1;1
20820;222474;6756947;1;1;1
20801;222698;6757130;1;1;1
20801;222939;6769928;1;1;0
20815;223004;6757154;0;1;1
20801;223062;6758750;1;1;1
20810;223157;6758267;1;1;1
20815;223163;6758270;0;1;1
20820;223164;6758270;1;1;1
20801;223211;6756118;1;1;1
20801;223242;6756705;1;1;1
20810;223311;6759070;1;1;1
20820;223315;6759084;1;1;1
20801;223342;6757964;1;1;1
20820;223366;6876055;1;1;1
20801;223370;6876060;1;1;1
20810;223373;6876061;0;0;1
20801;223439;6869118;1;1;1
20810;223454;6869130;0;1;0
20820;223482;6848009;1;1;1
20810;223487;6848047;1;1;0
20810;223540;6756321;1;1;1
20820;223544;6756325;1;1;1
20815;223544;6756325;0;1;1
20815;223719;6758548;0;1;1
20801;223726;6758540;1;1;1
20801;223888;6757746;1;1;1
20801;223915;6753382;1;1;0
20810;224159;6757538;1;1;1
20815;224161;6757545;0;1;1
20820;224162;6757536;1;1;1
20801;224163;6757540;1;1;1
20820;224198;6866805;1;1;0
20810;224207;6866823;1;1;1
20815;224209;6759735;0;1;1
20820;224218;6866850;1;1;1
20815;224226;6866819;0;1;1
20801;224227;6866822;1;1;1
20801;224256;6759785;1;1;1
20801;224573;6814141;1;1;0
20820;224612;6878569;1;1;0
20820;224712;6816468;1;1;1
20810;224712;6816468;1;1;1
20820;224776;6871763;1;1;1
20815;224776;6871764;0;1;1
20810;224778;6871762;0;0;1
20810;224781;6853316;1;1;0
20820;224781;6853326;1;1;1
20801;224810;6871816;1;1;0
20820;224857;6770302;1;1;1
20810;224859;6770308;1;1;1
20815;224865;6770312;0;1;1
20810;224866;6762213;1;1;1
20820;224871;6821383;1;1;0
20815;224872;6821384;0;1;0
20810;224873;6821378;1;1;0
20801;224873;6821387;1;1;0
20820;224874;6762219;1;1;1
20810;224933;6761434;0;1;0
20801;225027;6870789;1;1;1
20801;225027;6876448;1;1;0
20801;225100;6764725;1;1;0
20815;225202;6875454;0;1;0
20801;225249;6759028;1;1;1
20820;225281;6867693;1;1;0
20820;225281;6867693;1;1;1
20810;225284;6867691;0;0;1
20801;225299;6877868;1;1;0
20810;225307;6877836;1;1;0
20820;225387;6763769;1;1;1
20810;225387;6763769;1;1;1
20815;225395;6763762;0;1;1
20820;225443;6830686;1;1;1
20810;225443;6830686;1;1;1
20801;225446;6868812;1;1;1
20801;225448;6830677;1;1;0
20801;225508;6759837;1;1;1
20820;225535;6759840;1;1;1
20810;225555;6759798;1;1;1
20820;225674;6761063;1;1;1
20801;225675;6761048;1;1;1
20801;225685;6753558;0;0;0
20815;225705;6761128;0;1;1
20810;225705;6761128;1;1;1
20815;225751;6758721;0;1;0
20801;225761;6758724;0;1;1
20820;225764;6758716;1;1;1
20810;225766;6758719;1;1;0
20820;225767;6870501;1;1;1
20801;225813;6867310;1;1;1
20810;225819;6870491;1;1;1
20820;225896;6753871;1;1;1
20815;225897;6753872;0;1;1
20810;225898;6753890;1;1;1
20801;225986;6870187;1;1;1
20801;226005;6755043;1;1;0
20801;226140;6757971;1;1;1
20801;226361;6863578;1;1;0
20801;226446;6769735;1;1;0
20801;226553;6876069;1;1;1
20810;226565;6872896;1;1;1
20820;226569;6872890;1;1;1
20801;226578;6872896;1;1;0
20801;226782;6846404;1;1;0
20820;226869;6790463;1;1;1
20810;226869;6790463;1;1;1
20801;226882;6753954;1;1;0
20801;226945;6867615;1;1;1
20815;226955;6867606;0;1;1
20820;227030;6867642;1;1;0
20801;227035;6867644;0;0;0
20801;227215;6866483;0;1;0
20810;227221;6866483;1;1;0
20815;227288;6762402;0;1;0
20820;227290;6830096;1;1;0
20810;227290;6830096;1;1;0
20815;227291;6830097;0;1;0
20801;227292;6830100;1;1;0
20820;227315;6864196;1;1;1
20815;227315;6864197;0;1;1
20810;227324;6864221;1;1;1
20801;227426;6875862;1;1;0
20820;227532;6762172;1;0;0
20801;227533;6762039;1;1;0
20810;227568;6869353;0;1;1
20820;227579;6869355;1;1;1
20810;227804;6777300;1;1;1
20801;227805;6777294;1;1;1
20820;227807;6777298;1;1;1
20815;227807;6777298;0;1;1
20810;227846;6876822;1;1;1
20801;227849;6876824;1;1;1
20820;227856;6876804;1;1;0
20810;228260;6870331;1;1;1
20810;228267;6800060;1;1;0
20820;228274;6870365;1;1;1
20820;228307;6800106;1;1;0
20815;228307;6800106;0;1;0
20801;228308;6800110;1;1;0
20810;228347;6846080;1;1;0
20820;228730;6853656;1;1;1
20810;228730;6853656;1;1;0
20820;228988;6846166;1;0;0
20810;229353;6758555;1;1;0
20801;229360;6758557;1;1;0
20810;229414;6866328;1;1;0
20820;229495;6866358;1;1;1
20801;229535;6762980;1;1;0
20810;230023;6708567;1;1;0
20801;230028;6708597;1;1;0
20820;230032;6708599;1;1;0
20801;230093;6837225;1;1;1
20815;230373;6873032;0;1;1
20820;230416;6873231;1;1;0
20810;230457;6873293;0;1;1
20820;230461;6873300;1;1;1
20820;230769;6864218;1;1;0
20801;230771;6864222;1;1;0
20820;230979;6763114;1;1;1
20810;230982;6763110;1;1;1
20801;230983;6763108;1;1;1
20815;230995;6763097;0;1;1
20810;231224;6713158;1;1;1
20820;231228;6713176;1;1;1
20801;231235;6713172;1;1;0
20810;231667;6783624;1;1;1
20820;231693;6783632;1;1;1
20815;231694;6783632;0;1;1
20801;231798;6751591;1;1;1
20815;231896;6752320;0;1;0
20820;231961;6848343;1;1;1
20810;231961;6848343;1;1;1
20810;231976;6752174;1;1;1
20820;231983;6752152;1;1;1
20820;231992;6766224;1;1;1
20815;231992;6766224;0;1;1
20810;231992;6766224;1;1;1
20801;232002;6766148;1;1;0
20820;232057;6811106;1;1;1
20801;232122;6811126;1;1;1
20810;232127;6811114;1;1;1
20820;232439;6762641;1;1;1
20815;232439;6762642;0;1;1
20801;232442;6762650;1;1;0
20820;232542;6758874;1;1;0
20815;232556;6758856;0;1;1
20801;232557;6758860;1;1;0
20820;232748;6773486;1;1;1
20810;232748;6773486;1;1;1
20815;232748;6773487;0;1;0
20801;232981;6796047;1;1;0
20820;233141;6821966;1;1;0
20810;233141;6821966;1;1;0
20815;233141;6821967;0;1;0
20801;233142;6821970;1;1;0
20820;233251;6757218;1;1;1
20810;233251;6757218;1;1;1
20801;233267;6828207;1;1;0
20820;233286;6828221;1;1;0
20810;233286;6828221;1;1;0
20815;233287;6828222;0;1;0
20801;233659;6871110;1;1;0
20815;233704;6755018;0;1;1
20820;233713;6848275;1;1;0
20801;233714;6848281;1;1;0
20820;233776;6857359;1;1;1
20810;233776;6857359;1;0;1
20810;233817;6875443;1;1;0
20815;233822;6875457;0;1;1
20801;233835;6782033;1;1;0
20801;233847;6875482;1;1;0
20820;233860;6875455;1;1;1
20810;233860;6875455;0;0;1
20801;234029;6752361;1;1;0
20801;234109;6755940;1;1;0
20810;234318;6711490;1;1;1
20820;234333;6711474;1;1;1
20820;235109;6794069;1;1;1
20810;235109;6794069;1;1;1
20801;235335;6764357;1;1;0
20801;235397;6711722;1;1;1
20820;235404;6838680;1;1;1
20810;235404;6838680;1;1;1
20820;235405;6711707;1;1;0
20815;235405;6838681;0;1;0
20810;235466;6712172;1;1;0
20810;235478;6869443;1;1;1
20820;235487;6869450;1;1;1
20801;235568;6746828;0;1;1
20810;235573;6746815;1;1;1
20820;235577;6746818;1;1;1
20810;235656;6763127;1;1;0
20801;235943;6811453;1;1;0
20820;236117;6855151;1;0;0
20801;236176;6748721;1;1;1
20801;236405;6854577;1;1;1
20815;236440;6812271;0;1;1
20820;236497;6753989;1;1;1
20810;236497;6753989;1;1;1
20820;236554;6826816;1;1;0
20815;236554;6826816;0;1;0
20810;236554;6826816;1;1;0
20801;236555;6826820;1;1;0
20801;236770;6747538;1;1;1
20801;236876;6874756;1;1;0
20810;237134;6766534;1;1;1
20820;237140;6766522;1;1;1
20820;237157;6875747;1;1;0
20820;237157;6875747;1;1;1
20815;237158;6875747;0;1;0
20810;237163;6875736;1;1;1
20820;237346;6759825;1;1;1
20810;237346;6759825;1;1;1
20810;237485;6744493;1;1;1
20820;237486;6744506;1;1;1
20820;237487;6847830;1;1;1
20810;237487;6847830;1;1;0
20801;237491;6744511;1;1;1
20815;237521;6744410;0;1;1
20801;237837;6731486;1;1;1
20810;237893;6731513;1;0;0
20810;237966;6852758;1;1;0
20801;237981;6852756;1;1;1
20820;237987;6852754;1;1;1
20801;238212;6792659;1;1;0
20820;238232;6730177;1;1;1
20810;238632;6779890;1;1;0
20801;238648;6779884;1;1;0
20801;238742;6868652;1;1;0
20801;238835;6766619;1;1;1
20820;238907;6810877;1;1;1
20810;238907;6810877;1;1;1
20810;239052;6792976;1;1;1
20820;239060;6792988;1;1;1
20820;239111;6766696;1;1;1
20815;239111;6766696;0;1;1
20810;239111;6766696;1;1;1
20801;239129;6735521;1;1;0
20801;239156;6767049;1;1;0
20801;239316;6758834;1;1;0
20810;239371;6727955;1;1;1
20820;239383;6727949;1;1;1
20801;239457;6726685;0;0;0
20801;239465;6728087;1;1;1
20815;239466;6728083;0;1;1
20820;239524;6849407;1;1;0
20801;239581;6842870;1;1;0
20810;240026;6872700;1;1;1
20801;240089;6726878;1;1;1
20820;240089;6726926;1;1;1
20810;240094;6726918;1;1;1
20820;240138;6748560;1;1;1
20810;240138;6748560;1;1;1
20801;240588;6705923;1;1;1
20810;240594;6705933;1;1;0
20820;240840;6725931;0;1;0
20820;241037;6781260;1;1;1
20810;241037;6781260;1;1;1
20815;241048;6781253;0;1;1
20820;241072;6830723;1;1;1
20810;241072;6830723;1;1;1
20801;241419;6739503;1;1;1
20810;241426;6739499;1;1;1
20820;241428;6739500;1;1;1
20810;241612;6758692;1;1;1
20820;241621;6758670;1;1;1
20801;241628;6758683;1;1;1
20820;242161;6867385;1;1;1
20810;242161;6867385;0;0;1
20815;242162;6867385;0;1;1
20801;242305;6871255;1;1;1
20820;242362;6873649;1;1;1
20810;242362;6873649;0;0;1
20815;242392;6873627;0;1;1
20801;242821;6737020;1;1;0
20815;242959;6836468;0;1;1
20801;242963;6836451;1;1;1
20810;242968;6836441;1;1;0
20820;242970;6836439;1;0;0
20801;242972;6865404;1;1;0
20801;242988;6738416;1;1;1
20820;242994;6738478;1;1;1
20810;242998;6738476;1;1;1
20815;243022;6756546;0;1;1
20801;243022;6756550;1;1;1
20810;243042;6819691;1;1;1
20801;243050;6819955;1;1;1
20815;243053;6738478;0;1;1
20815;243059;6819678;0;1;1
20820;243061;6819708;1;1;1
20801;243193;6809480;1;1;0
20820;243251;6804197;1;1;0
20815;243251;6804197;0;1;0
20810;243251;6804197;1;1;0
20801;243252;6804200;1;1;0
20801;243257;6846812;1;1;0
20820;243260;6751795;1;1;1
20815;243261;6751795;0;1;1
20810;243264;6751807;1;1;1
20801;243734;6768597;1;1;0
20801;243758;6736759;0;0;0
20801;243758;6736759;0;1;0
20815;243887;6847146;0;1;1
20815;243907;6872857;0;1;1
20820;243914;6847143;1;1;1
20810;243914;6872848;1;1;0
20820;244000;6736788;1;1;1
20810;244005;6736783;1;1;1
20801;244145;6737575;0;1;1
20820;244155;6807257;1;1;1
20820;244215;6736796;0;1;0
20810;244285;6807296;1;1;1
20801;244481;6740721;1;1;0
20801;244689;6745370;1;1;0
20801;244717;6753744;1;1;0
20801;244834;6784815;1;1;0
20801;244986;6736855;1;1;1
20820;245259;6859944;1;1;1
20810;245259;6859944;0;0;1
20820;245550;6827820;1;1;0
20810;245550;6827820;1;0;0
20815;245550;6827821;0;1;0
20801;245552;6827824;1;1;0
20820;245700;6745592;1;1;1
20815;245701;6745593;0;1;1
20810;245716;6745597;1;1;1
20801;245734;6845495;1;1;1
20820;245997;6773348;1;1;1
20810;245997;6773348;1;1;1
20820;246141;6738899;1;1;1
20815;246141;6738899;0;1;1
20810;246141;6738899;1;1;1
20820;246595;6847522;1;1;1
20801;246597;6847525;1;1;1
20810;246597;6850664;1;1;0
20810;246598;6847528;1;1;1
20820;246609;6737166;1;1;1
20810;246609;6737166;1;1;1
20801;246612;6737156;1;1;1
20810;246764;6872409;1;1;1
20801;247021;6846004;1;1;1
20820;247180;6787371;1;1;1
20810;247180;6787371;1;1;1
20801;247448;6738023;1;1;0
20810;247477;6750671;1;1;1
20815;247489;6750672;0;1;1
20820;247498;6750663;1;1;1
20820;247534;6738579;1;1;1
20810;247534;6738579;1;1;1
20820;247708;6862025;1;1;0
20810;247708;6862025;1;1;0
20815;247708;6862026;0;1;1
20801;247720;6862042;1;1;0
20820;247800;6868908;1;1;0
20801;247834;6844772;0;1;0
20815;247875;6847224;0;1;1
20820;247945;6797693;1;1;1
20810;247945;6797693;1;1;1
20801;248038;6808645;1;1;0
20801;248168;6848950;1;1;0
20810;248225;6843814;1;1;0
20801;248246;6840936;1;1;0
20820;248409;6772262;1;1;1
20815;248409;6772262;0;1;1
20810;248409;6772262;1;1;1
20815;248409;6798516;0;1;1
20820;248625;6853421;1;1;1
20815;248691;6854111;0;1;1
20820;248707;6792500;1;1;1
20810;248707;6792500;1;1;1
20801;248734;6795134;1;1;0
20801;248931;6846939;1;1;1
20801;249008;6737522;1;1;1
20810;249139;6836855;1;1;0
20801;249220;6756965;0;0;0
20820;249261;6845636;1;1;0
20815;249273;6845626;0;1;1
20801;249274;6845630;0;1;0
20801;249470;6742204;1;1;0
20820;249474;6742201;1;1;1
20810;249474;6742201;1;1;1
20820;249503;6834629;1;0;0
20801;249504;6834630;1;1;0
20810;249509;6746659;1;1;1
20820;249514;6746666;1;1;1
20815;249515;6746666;0;1;1
20810;249524;6821185;1;1;0
20820;249538;6821160;1;1;0
20815;249539;6821160;0;1;0
20801;249540;6821163;1;1;0
20815;249613;6769569;0;1;1
20820;249616;6769569;1;1;1
20810;249616;6769569;1;1;1
20810;249841;6748240;0;1;0
20801;249864;6748246;1;1;1
20820;249924;6877590;1;0;0
20820;249929;6877596;1;1;1
20801;249931;6877599;1;1;0
20810;249931;6877617;1;1;1
20820;250017;6858757;1;1;1
20810;250017;6858757;0;0;1
20815;250018;6858779;0;1;1
20801;250085;6746143;1;1;1
20801;250164;6786457;1;0;0
20801;250231;6759025;1;1;1
20820;250624;6715624;1;1;1
20810;250677;6715635;1;1;1
20820;250865;6744726;1;1;1
20815;250865;6744727;0;1;1
20801;250895;6747214;1;1;1
20810;250909;6744773;1;1;1
20801;250911;6771614;1;1;1
20820;250913;6747215;1;1;1
20810;250913;6747215;1;1;1
20801;250968;6752651;1;1;0
20820;250969;6752645;1;1;1
20810;250969;6752645;1;1;1
20820;251006;6738805;1;1;1
20815;251006;6738806;0;1;1
20810;251017;6738829;1;1;1
20801;251106;6715599;0;1;0
20810;251174;6758430;1;1;1
20820;251181;6758430;1;1;1
20815;251186;6758464;0;1;1
20810;251441;6861047;1;1;0
20820;251445;6861054;1;1;1
20815;251470;6872203;0;1;1
20801;251472;6872205;1;1;0
20820;251484;6872176;1;1;0
20801;251491;6748013;1;1;1
20801;251728;6746652;1;1;0
20810;251790;6794796;1;1;1
20820;251819;6794789;1;1;1
20810;251926;6765588;1;1;1
20820;251934;6765585;1;1;1
20815;251934;6765585;0;1;1
20801;251936;6792136;1;1;0
20820;252019;6808483;1;1;1
20810;252019;6808483;1;1;1
20801;252147;6737116;1;1;1
20801;252159;6778432;1;1;0
20815;252301;6817925;0;1;1
20801;252312;6819777;1;1;0
20820;252789;6865604;1;1;1
20810;252803;6865626;0;1;0
20810;252845;6736446;1;1;1
20820;252846;6736436;1;1;1
20820;252915;6778377;1;1;1
20810;252915;6778377;1;1;1
20810;252930;6829385;1;1;0
20820;252932;6829379;1;1;0
20815;252932;6829379;0;1;0
20801;252933;6829382;1;1;0
20801;252972;6750374;1;1;0
20810;253097;6788220;1;1;1
20820;253110;6788186;1;1;1
20820;253727;6818233;1;1;1
20810;253727;6818233;1;1;1
20801;253964;6743167;1;1;0
20820;253970;6743160;1;1;1
20810;253970;6743160;1;1;1
20820;254044;6749083;1;1;1
20815;254044;6749083;0;1;0
20810;254044;6749083;1;1;1
20815;254359;6779149;0;1;1
20820;254512;6808689;1;1;1
20810;254512;6808689;1;1;1
20810;254683;6843295;1;1;1
20815;254739;6807071;0;1;1
20801;255003;6807713;1;1;1
20810;255112;6790726;1;1;1
20820;255113;6790727;1;1;1
20810;255250;6798610;1;1;1
20820;255277;6798573;1;1;1
20820;255457;6866598;1;1;1
20801;255627;6844794;1;0;0
20801;255683;6870807;1;1;0
20801;255912;6789505;1;1;0
20820;256072;6872199;1;1;0
20820;256181;6771959;1;1;1
20810;256181;6771964;1;1;1
20815;256182;6771960;0;1;1
20801;256192;6772008;1;1;0
20810;256220;6872523;0;1;1
20815;256222;6872518;0;1;1
20810;256223;6869832;1;1;0
20801;256225;6869853;1;1;1
20820;256253;6872528;1;1;1
20801;256301;6788918;1;1;1
20820;256445;6842736;1;1;0
20801;256489;6791379;1;1;1
20815;256508;6867974;0;1;1
20801;256516;6867939;1;1;1
20801;256531;6733643;1;1;1
20801;256543;6788169;1;1;0
20801;256587;6741477;1;1;1
20810;256896;6741260;1;1;1
20820;256897;6741260;1;1;1
20815;256902;6741245;0;1;1
20820;256925;6754011;1;1;1
20815;256926;6754051;0;1;1
20810;256926;6754051;1;1;1
20810;256954;6732472;1;1;1
20820;256960;6732492;1;1;1
20801;256971;6732490;1;1;1
20810;256998;6868366;0;1;1
20820;257010;6868379;1;1;1
20801;257012;6868383;1;1;0
20801;257058;6790701;1;1;0
20801;257145;6755822;1;1;0
20801;257233;6861834;1;1;0
20801;257236;6872593;1;1;1
20801;257255;6732937;1;1;0
20810;257337;6787375;1;1;1
20820;257349;6787369;1;1;1
20810;257393;6873200;1;1;0
20820;257474;6804943;1;1;1
20810;257474;6804943;1;1;1
20815;257699;6745992;0;1;1
20810;257705;6746009;1;1;1
20820;257711;6746060;1;1;1
20801;257941;6746052;1;1;0
20801;257986;6732131;0;1;1
20820;259300;6854596;1;1;0
20815;259301;6854597;0;1;1
20801;259457;6852800;0;1;1
20820;259815;6878415;1;1;1
20810;259837;6878456;1;1;0
20810;259925;6745636;0;1;1
20820;259930;6745638;1;1;1
20801;260068;6807874;1;1;0
20801;260117;6877162;1;1;0
20801;260291;6767308;1;1;0
20820;260294;6767307;1;1;1
20810;260294;6767307;0;0;1
20810;260414;6843097;1;1;0
20810;260419;6867090;1;1;1
20820;260422;6867076;1;1;1
20815;260423;6843106;0;1;1
20801;260424;6843096;1;1;0
20801;260425;6867081;1;1;1
20810;260965;6832815;1;1;0
20820;261025;6729095;1;1;1
20801;261025;6729100;1;1;1
20810;261030;6729055;1;1;1
20801;261074;6738128;1;1;0
20801;261586;6743985;1;1;1
20815;261604;6743968;0;1;1
20820;261615;6795194;1;1;1
20810;261615;6795194;1;1;1
20810;262083;6743220;1;1;0
20801;262105;6823425;1;1;1
20810;262106;6858369;1;1;0
20810;262240;6845325;1;1;0
20820;262241;6845326;1;1;0
20820;262715;6727251;1;1;1
20810;262715;6727251;0;1;1
20801;262724;6727252;0;1;1
20820;262838;6790647;1;1;0
20810;262838;6790647;1;1;0
20801;262854;6790651;1;1;1
20801;262877;6741086;1;1;0
20820;262880;6826797;1;1;1
20815;262881;6826798;0;1;0
20810;262882;6741193;1;1;0
20810;262888;6826802;1;1;0
20820;262907;6741107;1;1;1
20810;263424;6730564;1;1;0
20810;263462;6755402;0;0;1
20801;263465;6755406;1;1;0
20820;263474;6755425;1;1;1
20801;263654;6769627;1;1;0
20815;263655;6834841;0;1;1
20820;263755;6858386;1;1;1
20810;263762;6728537;1;1;1
20820;263763;6728554;1;1;1
20801;263767;6858399;1;1;1
20820;264000;6772431;1;1;1
20810;264000;6772431;1;1;1
20801;264065;6749615;1;1;0
20810;264074;6749624;1;1;1
20820;264076;6749624;1;1;1
20815;264077;6749625;0;1;1
20810;264187;6834875;1;1;0
20815;264221;6755347;0;1;1
20810;264228;6755321;1;1;0
20801;264229;6725496;1;1;0
20810;264240;6725519;1;1;0
20801;264240;6837019;0;0;0
20815;264462;6769318;0;1;1
20801;264523;6770787;1;1;1
20820;264635;6768268;1;1;1
20810;264635;6768268;1;1;1
20801;264637;6769581;1;1;1
20810;264992;6848866;1;1;0
20820;265092;6729264;1;1;0
20801;265099;6729251;1;1;1
20815;265100;6729248;0;1;0
20801;265198;6782126;1;1;1
20820;265201;6782108;1;1;1
20810;265201;6782108;1;1;1
20815;265202;6782109;0;1;0
20820;265219;6842408;1;1;0
20801;265231;6767063;1;1;0
20801;265377;6747323;1;1;0
20810;265378;6745449;0;1;1
20801;265400;6745362;1;1;0
20801;265850;6773303;1;1;0
20820;265913;6809065;1;1;0
20810;265913;6809065;1;1;0
20815;265913;6809066;0;1;0
20801;265914;6809069;1;1;0
20810;265953;6824959;1;1;0
20801;265991;6796819;1;1;0
20801;266038;6840362;1;1;0
20810;266038;6840368;1;1;0
20801;266194;6743482;1;1;1
20810;266305;6745581;0;1;0
20801;266396;6844532;1;1;0
20801;266553;6761666;1;1;0
20801;266563;6847731;1;0;0
20815;266593;6771668;0;1;1
20820;266601;6761707;1;1;1
20810;266601;6761707;0;0;1
20820;266602;6771680;1;1;1
20810;266602;6771680;0;0;1
20810;266608;6740358;1;1;0
20801;266617;6744573;1;1;1
20820;266625;6744588;1;1;1
20815;266626;6744591;0;1;0
20810;266630;6744582;1;0;0
20810;266728;6742859;0;0;1
20820;266728;6742875;1;1;1
20801;266895;6743021;1;1;1
20815;266944;6743167;0;1;1
20820;267080;6751161;1;1;1
20810;267080;6751161;1;1;1
20815;267081;6751161;0;1;1
20801;267137;6729785;1;1;0
20810;267156;6729866;1;1;0
20815;267238;6745534;0;1;0
20801;267279;6745487;1;1;1
20801;267341;6835665;1;1;0
20820;267404;6815754;1;1;1
20810;267404;6815754;1;1;1
20801;267406;6856011;1;1;1
20815;267482;6815712;0;1;1
20801;267501;6755588;1;1;0
20810;267516;6742211;0;1;0
20801;267517;6742214;1;1;0
20810;267582;6746871;1;1;1
20820;267583;6746937;1;1;1
20801;267724;6748581;1;1;0
20820;267901;6744547;1;1;1
20810;267901;6744549;0;0;1
20820;267914;6743905;1;0;0
20810;267929;6743890;1;1;0
20801;267930;6822310;1;1;0
20810;267965;6744856;1;1;1
20820;267968;6744858;1;1;1
20801;267969;6744862;1;1;1
20801;267998;6744142;1;1;1
20801;268014;6768300;1;1;1
20801;268128;6746659;1;1;0
20820;268198;6769259;1;1;1
20815;268198;6769259;0;1;1
20810;268198;6769259;1;1;1
20801;268322;6742955;1;1;1
20801;268682;6744287;1;0;0
20801;268698;6826672;1;0;0
20820;268699;6744104;1;0;0
20801;268753;6752942;1;1;0
20801;268867;6819251;1;1;1
20810;268904;6745318;1;1;0
20820;268927;6745326;1;1;0
20801;268951;6745303;1;1;1
20815;268973;6742490;0;1;1
20801;269297;6744549;1;1;1
20820;269416;6827999;1;1;0
20810;269462;6827952;1;0;0
20815;269481;6827947;0;1;1
20810;269570;6853195;1;1;0
20820;269582;6853205;1;1;1
20801;269582;6853205;1;1;0
20801;269584;6829850;1;1;1
20810;269614;6738976;1;1;0
20820;269619;6738976;1;1;1
20801;269639;6797401;1;1;0
20801;269641;6738976;1;1;0
20815;269755;6738997;0;1;1
20820;269792;6785833;1;1;1
20810;269792;6785833;1;1;1
20820;269886;6742518;1;1;1
20801;269950;6805395;1;1;0
20801;269963;6742487;1;1;0
20801;270046;6746614;1;1;1
20801;270084;6745066;1;1;0
20820;270089;6728413;1;1;1
20820;270100;6848911;1;1;1
20801;270155;6731754;1;1;0
20810;270173;6848908;1;1;0
20801;270180;6848963;1;1;1
20810;270246;6746538;1;1;1
20820;270250;6746543;1;1;1
20815;270302;6746547;0;1;1
20801;270311;6852203;1;1;1
20801;270437;6851123;1;1;0
20820;270637;6789623;1;1;1
20810;270637;6789623;1;1;1
20810;270697;6830529;0;1;0
20801;270708;6748142;1;1;0
20820;270708;6830532;1;1;1
20810;270794;6729191;1;1;0
20820;270836;6732584;1;1;0
20815;270842;6854771;0;1;0
20801;270844;6854774;1;1;1
20815;270862;6732644;0;1;1
20810;270921;6844982;1;1;0
20820;270924;6844993;1;1;1
20801;270968;6811501;1;1;0
20820;271144;6855314;1;1;0
20801;271150;6845858;1;1;1
20810;271241;6772632;1;0;0
20801;271243;6772665;1;1;0
20801;271255;6838148;1;1;0
20820;271433;6799659;1;1;1
20815;271433;6799659;0;1;1
20810;271438;6799657;1;1;1
20801;271518;6780218;1;1;0
20810;271541;6840776;0;1;0
20801;271549;6840772;1;1;0
20810;271643;6834548;1;1;0
20815;271643;6834550;0;1;0
20801;271684;6837325;1;1;0
20815;271784;6837383;0;1;1
20820;271861;6809052;1;1;1
20810;271861;6809052;1;1;1
20810;271864;6743921;1;1;1
20815;271869;6743923;0;1;0
20801;271873;6743911;1;1;1
20820;271875;6743907;1;1;1
20810;272054;6764416;1;1;1
20820;272057;6764431;1;1;1
20815;272061;6764430;0;1;1
20801;272100;6802666;1;1;1
20820;272157;6835627;1;1;1
20801;272161;6835629;1;1;0
20810;272248;6728357;0;1;0
20815;272248;6728358;0;1;1
20801;272266;6728329;1;1;0
20820;272350;6839838;1;1;1
20815;272350;6839838;0;1;1
20801;272363;6839768;0;1;1
20815;272412;6789843;0;1;1
20801;272413;6789846;1;1;0
20801;272444;6834014;0;1;1
20801;272523;6804873;1;1;1
20801;272541;6802070;1;1;1
20810;272545;6803475;1;0;0
20801;272559;6843287;1;1;1
20820;272577;6843234;1;1;1
20815;272590;6808907;0;1;1
20815;272606;6843259;0;1;1
20810;272607;6843244;1;1;0
20820;272659;6801184;1;1;1
20801;272668;6801194;1;1;1
20801;273149;6742361;1;1;0
20801;273212;6846320;0;1;0
20801;273419;6839759;1;1;0
20815;273420;6839757;0;1;0
20810;273505;6838162;1;1;0
20801;273537;6838203;1;1;1
20820;273735;6758683;1;1;1
20810;273736;6758686;1;1;1
20801;273925;6820725;1;1;1
20801;274115;6839172;1;1;1
20801;274128;6737980;1;1;0
20810;274236;6821295;1;1;0
20820;274253;6821302;1;1;0
20801;274253;6821315;0;0;0
20815;274258;6821305;0;1;1
20801;274258;6836971;1;1;0
20820;274300;6839046;1;0;0
20815;274310;6837599;0;1;0
20801;274312;6837602;1;1;0
20820;274421;6729926;1;1;1
20810;274421;6729926;0;0;1
20820;274484;6839361;1;1;1
20801;274505;6839394;1;1;1
20820;274544;6752929;1;1;1
20815;274545;6752929;0;1;0
20810;274558;6752944;1;1;1
20801;274588;6752948;1;1;0
20810;274611;6840667;1;1;1
20815;274616;6840666;0;1;1
20801;274617;6840668;1;1;1
20820;274637;6838311;1;1;1
20815;274691;6741120;0;1;1
20820;274704;6741286;1;1;1
20810;274704;6741286;0;0;1
20801;274767;6746540;1;1;0
20801;274864;6838472;1;1;1
20810;274888;6741286;1;1;0
20810;274899;6838500;1;1;0
20801;274944;6741253;1;1;0
20810;274964;6839223;0;1;0
20820;275049;6831372;1;1;1
20810;275049;6831372;1;1;0
20815;275050;6831372;0;1;1
20801;275158;6807828;1;1;0
20801;275249;6832373;1;1;0
20801;275252;6839786;0;1;1
20810;275269;6832385;1;1;0
20815;275437;6841905;0;1;1
20820;275446;6841906;1;1;1
20801;275464;6841873;1;1;1
20810;275477;6748454;0;1;0
20815;275736;6789323;0;1;1
20820;275741;6789349;1;1;1
20810;275741;6789349;1;1;1
20801;275758;6748556;1;1;1
20810;275771;6748546;1;1;1
20820;275773;6748534;1;1;1
20815;275816;6773471;0;1;1
20820;275864;6773561;1;1;1
20810;275864;6773561;1;1;1
20801;275871;6788006;1;1;1
20801;275878;6837854;1;1;1
20801;275889;6839151;1;1;0
20815;276092;6835512;0;1;1
20801;276094;6835514;1;1;1
20810;276145;6825786;1;1;0
20815;276146;6825787;0;1;0
20801;276156;6825794;1;1;0
20801;276234;6837386;1;1;0
20810;276566;6837966;1;1;0
20820;276567;6837965;1;1;1
20815;276608;6837938;0;1;1
20820;276868;6839941;1;1;1
20801;276873;6838423;1;1;0
20801;276873;6839939;1;0;0
20810;277001;6836813;1;1;0
20801;277012;6836809;1;1;1
20810;277023;6841311;1;1;0
20820;277027;6779965;1;1;1
20810;277027;6779965;1;1;1
20810;277115;6813954;1;1;1
20801;277126;6813934;1;1;0
20820;277132;6813926;1;1;1
20801;277151;6735499;1;1;0
20801;277366;6841974;1;1;0
20801;277428;6772126;1;1;0
20815;277551;6836835;0;1;0
20820;277676;6836077;1;1;1
20801;278015;6836987;1;1;1
20820;278091;6734968;1;1;1
20810;278091;6734968;0;0;1
20815;278092;6734968;0;1;1
20801;278268;6832972;1;1;0
20801;278371;6763864;1;1;1
20810;278582;6764314;1;1;1
20815;278583;6764317;0;1;1
20820;278584;6764310;1;1;1
20820;278671;6791798;1;1;1
20810;278671;6791798;1;1;1
20801;278796;6835589;1;1;1
20810;279207;6747038;1;1;1
20820;279213;6747023;1;1;1
20801;279307;6801600;1;1;1
20820;279315;6801587;1;1;1
20810;279315;6801587;1;1;1
20820;279333;6774215;1;1;0
20810;279333;6774215;1;1;0
20820;280216;6823325;1;1;0
20801;280401;6737016;1;1;1
20820;280406;6737008;1;1;1
20810;280406;6737008;1;1;1
20820;280492;6728966;1;1;0
20801;280500;6728951;1;1;1
20810;280505;6728953;1;1;0
20815;280506;6728953;0;1;0
20801;280659;6728251;1;1;0
20820;280772;6835556;1;1;1
20810;281206;6819130;1;1;0
20801;281218;6835425;1;1;0
20801;281222;6781538;1;0;0
20801;281278;6750280;1;1;1
20820;281304;6750332;1;1;1
20820;281322;6828106;1;1;1
20815;281323;6828105;0;1;1
20801;281324;6828115;1;1;0
20810;281326;6828106;1;0;0
20810;281328;6750306;1;1;1
20815;281344;6750296;0;1;1
20801;281812;6712171;1;1;1
20810;282060;6711563;1;1;0
20801;282123;6711676;1;1;1
20810;282168;6758948;1;1;0
20820;282203;6758962;1;1;0
20815;282203;6758963;0;1;0
20801;282203;6758966;1;1;0
20820;282253;6839106;1;1;0
20810;282266;6835352;0;1;0
20815;282275;6835343;0;1;1
20801;282276;6835347;0;1;0
20815;282353;6744420;0;1;0
20810;282353;6744420;1;1;1
20820;282360;6744411;1;1;1
20801;282874;6822547;1;1;0
20820;282951;6812520;1;1;1
20810;282951;6812520;1;1;1
20815;282952;6812520;0;1;1
20820;282989;6712152;1;1;1
20801;283124;6703529;0;1;1
20810;283301;6702258;1;1;1
20820;283307;6702255;1;1;1
20801;283325;6702268;1;1;1
20815;283430;6702139;0;1;1
20820;284110;6802617;1;1;1
20810;284110;6802617;1;1;0
20801;284172;6837077;1;1;0
20801;284186;6747818;1;1;0
20810;284229;6747630;1;1;1
20820;284245;6747679;1;1;1
20815;284245;6747679;0;1;1
20810;284276;6836843;1;1;1
20801;284386;6709289;1;1;1
20810;284387;6832894;1;0;0
20820;284537;6801025;1;1;1
20810;284537;6801025;1;1;1
20810;284927;6712334;1;1;0
20815;284930;6712406;0;1;1
20801;284951;6712352;1;1;1
20801;285051;6708565;1;1;1
20820;285214;6777285;1;1;1
20820;285214;6777285;1;1;0
20810;285214;6777285;0;0;1
20815;285218;6777297;0;1;1
20820;285270;6791595;1;1;1
20810;285270;6791595;1;1;1
20815;285271;6791596;0;1;0
20815;285637;6701218;0;1;1
20820;285637;6701228;1;1;1
20801;285653;6701215;1;1;1
20810;285673;6701203;1;1;1
20801;285933;6774625;1;1;1
20810;285966;6742394;1;1;1
20820;285969;6742375;1;1;1
20801;285986;6754294;1;1;0
20820;286068;6708714;1;1;1
20810;286070;6708723;1;1;1
20815;286074;6708703;0;1;1
20815;286198;6775526;0;1;1
20815;286434;6817062;0;1;1
20810;286434;6817070;0;0;1
20820;286435;6817066;1;1;1
20820;286611;6764683;1;1;0
20815;286611;6764683;0;1;0
20810;286611;6764683;1;1;0
20801;286611;6764686;1;1;0
20801;286632;6753760;0;0;1
20801;286666;6714232;1;1;1
20820;286668;6714228;1;1;1
20810;286680;6714228;0;1;0
20815;286689;6714228;0;1;1
20820;286807;6731731;1;1;1
20810;286807;6731731;1;1;0
20801;286811;6731736;1;1;0
20820;287379;6762088;1;1;1
20810;287379;6762088;1;1;1
20801;287380;6762092;1;1;0
20820;287678;6834060;1;1;1
20801;287690;6801452;1;1;1
20810;287702;6834052;1;1;1
20815;287708;6834060;0;1;1
20801;287712;6834055;1;1;1
20801;287713;6708047;1;1;1
20820;287855;6776017;1;1;1
20810;287867;6776074;1;1;1
20801;288190;6723543;1;1;0
20820;288191;6723535;1;1;1
20810;288193;6723528;1;1;1
20815;288203;6723552;0;1;1
20815;288663;6699924;0;1;1
20801;288743;6841539;1;1;0
20810;288745;6841568;1;1;0
20801;288881;6699071;1;1;1
20810;288884;6699067;1;1;1
20820;288888;6699070;1;1;1
20815;288987;6761215;0;1;1
20810;289025;6713810;1;1;0
20820;289148;6699919;1;1;1
20810;289153;6699919;1;1;1
20801;289157;6699982;0;1;1
20815;289209;6814550;0;1;1
20810;289367;6707090;1;1;1
20820;289386;6707082;1;1;1
20815;289535;6774262;0;1;1
20820;289730;6815303;1;1;1
20810;289730;6815303;1;1;1
20820;289900;6755280;1;1;1
20810;289900;6755280;1;1;1
20815;289918;6755239;0;1;1
20820;290016;6802539;1;1;1
20810;290016;6802539;1;1;1
20820;290021;6734981;1;1;1
20810;290021;6734981;1;1;1
20801;290216;6811255;1;1;1
20801;290228;6700029;1;1;1
20801;290279;6700957;1;1;1
20820;290324;6700969;1;1;1
20810;290324;6700969;1;1;0
20810;290395;6831492;1;1;1
20810;290400;6787641;1;1;0
20815;290400;6787655;0;1;0
20801;290401;6787657;1;1;0
20820;290407;6787657;1;1;0
20801;290524;6706011;0;1;0
20815;290606;6846092;0;1;0
20810;290609;6846129;1;1;0
20801;290628;6846113;1;1;0
20801;290741;6706704;1;1;1
20810;290745;6737362;1;1;1
20815;290753;6706695;0;1;0
20820;290767;6706691;1;1;1
20810;290767;6706691;1;1;1
20820;290780;6737378;1;1;1
20820;290979;6774610;1;1;1
20810;290979;6774610;1;1;1
20815;291051;6638437;0;1;1
20810;291063;6638434;1;1;1
20801;291064;6638422;1;1;1
20820;291069;6638404;1;1;0
20820;291069;6638404;1;1;1
20820;291233;6846776;1;1;1
20801;291234;6846778;1;1;0
20810;291349;6700661;1;1;1
20801;291364;6700674;1;1;1
20820;291373;6841688;1;1;1
20820;291378;6700680;1;1;1
20801;291441;6841696;1;1;0
20810;291448;6742804;1;1;1
20801;291451;6742922;1;1;1
20820;291464;6742912;1;1;1
20815;291491;6700694;0;1;1
20801;291503;6712829;1;1;0
20820;291516;6712810;1;1;0
20801;291530;6700882;0;0;0
20801;291679;6638837;1;1;1
20820;291965;6705648;1;1;1
20810;291968;6705652;1;1;1
20801;291983;6845853;0;1;0
20815;291990;6705272;0;1;1
20801;291993;6705293;1;1;1
20815;292082;6771434;0;1;0
20810;292082;6771434;1;1;0
20820;292097;6771436;1;1;0
20801;292098;6771440;1;1;0
20810;292286;6701686;1;1;1
20820;292340;6701742;1;1;1
20801;292394;6799625;1;1;1
20801;292450;6701120;0;1;1
20801;292508;6832902;1;1;1
20810;292512;6832899;1;1;1
20810;292516;6700863;1;1;1
20820;292517;6832915;1;0;1
20815;292518;6700849;0;1;1
20820;292540;6700872;1;1;1
20801;292547;6831053;1;1;0
20801;292879;6700745;1;0;1
20801;292974;6701150;1;1;1
20820;292975;6701144;1;1;1
20810;292975;6701144;1;1;1
20801;293006;6635344;1;1;0
20820;293008;6635305;1;1;1
20815;293012;6802736;0;1;0
20810;293016;6635308;1;0;0
20810;293104;6701532;1;1;1
20820;293150;6701596;1;1;1
20801;293360;6759800;1;1;0
20820;293407;6759801;1;1;1
20810;293407;6759801;1;1;1
20810;293424;6717465;1;1;0
20820;293428;6729197;1;1;1
20810;293428;6729197;1;1;1
20820;293512;6700673;1;1;1
20810;293517;6700658;1;1;1
20801;293608;6773187;1;1;1
20820;293612;6796244;1;1;1
20810;293612;6796244;1;1;1
20815;293613;6796245;0;1;0
20815;293649;6702088;0;1;0
20810;293724;6825588;1;1;0
20815;293853;6831229;0;1;1
20820;293859;6831211;1;1;1
20801;293929;6701872;1;1;1
20801;293950;6729199;1;1;0
20815;293951;6729196;0;1;1
20801;294120;6717060;0;0;0
20801;294147;6700314;0;0;0
20801;294194;6700292;1;1;0
20801;294261;6834142;0;1;1
20815;294360;6703203;0;1;0
20801;294543;6703006;1;1;1
20820;294554;6703003;1;1;1
20810;294554;6703003;1;1;1
20820;294619;6807613;1;1;1
20810;294619;6807613;1;1;1
20815;294619;6807614;0;1;0
20801;294629;6744657;1;1;0
20810;294638;6846288;1;1;0
20801;294644;6846268;1;1;0
20810;294774;6700340;1;1;0
20820;294777;6764317;1;1;0
20815;294815;6764333;0;1;1
20820;294852;6700862;1;1;1
20801;295450;6700439;1;1;1
20820;295452;6700430;1;1;1
20810;295463;6700420;1;1;1
20801;295616;6701075;1;1;1
20801;295624;6766422;1;1;1
20810;295634;6701101;1;1;1
20820;295648;6701095;1;1;1
20815;295649;6701096;0;1;1
20810;295677;6758735;1;1;0
20820;295683;6758732;1;1;0
20801;295875;6699081;1;1;1
20801;295914;6831918;1;1;0
20810;295916;6831921;1;1;0
20820;296087;6783448;1;1;1
20810;296087;6783448;1;1;1
20801;296189;6698658;0;1;1
20820;296208;6698660;1;1;1
20810;296239;6698699;1;1;1
20815;296243;6698697;0;1;1
20801;296395;6758606;1;1;1
20815;296404;6758597;0;1;1
20820;296421;6758588;1;1;1
20810;296421;6758588;1;1;1
20815;296471;6773462;0;1;1
20801;296471;6773465;1;1;1
20801;296474;6699403;0;1;0
20820;296484;6699460;1;1;1
20810;296484;6699460;1;1;1
20820;296639;6722222;1;1;1
20815;296644;6722222;0;1;1
20801;296648;6722213;1;1;1
20810;296662;6722233;1;1;0
20801;296789;6708207;1;1;1
20820;296799;6697649;1;1;1
20815;296801;6697637;0;1;0
20810;296816;6697627;1;1;1
20801;296883;6697599;1;1;1
20815;296936;6733019;0;1;1
20801;297084;6772679;0;0;0
20820;297180;6769174;1;1;1
20810;297180;6769174;1;1;1
20810;297250;6851743;1;1;1
20801;297306;6733471;1;1;0
20820;297320;6851696;1;1;1
20820;297483;6699256;1;1;1
20810;297484;6699256;1;1;1
20801;297489;6671699;1;1;1
20810;297498;6671698;0;1;0
20801;297526;6703701;1;1;0
20815;297528;6703699;0;1;0
20820;297625;6771109;1;1;1
20820;297625;6771109;1;1;0
20810;297625;6771109;0;0;1
20815;297629;6771108;0;1;1
20820;297631;6773486;1;1;1
20801;297631;6802281;1;1;0
20810;297648;6773497;1;1;1
20820;297649;6802307;1;1;1
20810;297649;6802307;1;1;1
20801;297869;6849623;1;1;1
20801;297944;6851629;1;1;1
20810;298112;6790472;1;1;0
20820;298115;6790501;1;1;0
20815;298115;6790501;0;1;0
20801;298116;6790504;1;1;0
20820;298193;6826887;1;0;0
20815;298199;6826897;0;1;0
20801;298200;6826900;1;1;1
20810;298305;6716932;1;1;0
20820;298344;6696669;1;1;0
20810;298350;6696671;1;1;0
20820;298668;6737477;1;1;1
20810;298668;6737477;1;1;1
20815;298668;6737478;0;1;1
20815;298685;6850070;0;1;1
20801;298929;6772830;1;0;1
20820;299056;6703916;1;1;1
20801;299056;6746698;1;1;1
20810;299059;6703915;1;1;1
20820;299190;6719430;1;1;1
20815;299199;6719433;0;1;1
20801;299328;6695447;1;1;1
20810;299393;6712466;1;1;0
20801;299401;6698453;1;1;0
20820;299403;6698450;1;1;1
20815;299404;6698451;0;1;1
20810;299413;6698442;1;1;1
20810;299428;6694981;1;1;0
20820;299454;6849337;1;1;1
20801;299521;6704504;1;1;0
20820;299547;6820750;1;1;0
20810;299547;6820750;0;1;0
20815;299548;6820750;0;1;0
20801;299549;6820753;0;1;0
20801;299664;6718938;1;1;1
20801;299993;6670149;1;1;1
20815;299996;6670147;0;1;1
20801;299996;6713066;1;1;0
20810;300011;6670133;1;1;0
20820;300013;6670133;1;1;1
20810;300019;6850099;1;1;0
20820;300026;6839044;1;1;0
20815;300039;6839047;0;1;1
20820;300053;6734720;1;1;1
20810;300058;6734725;1;1;1
20820;300099;6701579;1;1;1
20810;300101;6701553;1;1;1
20820;300142;6713183;1;1;0
20801;300157;6702156;1;1;1
20801;300402;6823664;1;1;0
20810;300421;6823721;1;0;0
20810;300423;6745919;1;1;1
20820;300423;6745929;1;1;1
20801;300511;6700366;1;1;1
20820;300517;6806072;1;1;1
20810;300517;6806072;1;1;1
20801;300643;6696606;1;1;0
20810;300645;6696601;1;1;1
20820;300668;6696618;1;1;1
20815;300669;6696618;0;1;1
20801;300752;6695516;1;1;1
20820;300851;6801642;1;1;1
20810;300851;6801642;1;1;1
20820;300874;6701503;0;1;1
20801;300975;6744294;1;1;1
20801;301196;6665989;1;1;0
20820;301199;6665985;1;1;1
20810;301200;6665990;1;1;1
20801;301408;6726933;1;1;1
20820;301421;6726943;1;1;0
20810;301425;6726939;1;0;0
20801;301600;6668977;1;1;1
20815;301667;6697772;0;1;1
20801;301672;6697775;1;1;1
20815;301726;6665797;0;1;0
20810;301750;6700338;1;1;1
20820;301763;6700379;1;1;1
20820;301895;6753866;1;1;0
20810;301895;6753866;1;1;0
20815;301896;6753867;0;1;0
20801;301896;6753869;1;1;0
20801;301964;6851482;0;0;0
20820;302035;6851460;1;1;0
20820;302312;6744749;1;1;1
20810;302312;6744749;1;1;1
20810;302321;6696920;0;1;0
20801;302326;6851310;1;1;0
20815;302571;6697796;0;1;1
20820;302630;6700164;1;1;0
20815;302631;6700165;0;1;1
20801;302632;6700168;1;1;1
20810;302632;6701283;1;1;0
20820;302667;6669652;1;1;1
20820;302673;6698020;1;1;1
20810;302678;6698020;1;1;1
20810;302723;6669596;1;1;1
20801;302731;6669607;1;1;1
20801;302889;6697463;1;1;1
20810;303014;6841588;1;1;0
20801;303019;6841594;1;1;1
20801;303436;6698062;1;1;1
20801;303787;6664705;1;1;0
20801;303835;6698747;1;1;1
20815;303904;6698726;0;1;1
20820;303976;6698712;1;1;1
20810;303976;6698712;1;1;1
20815;304157;6697968;0;1;1
20810;304236;6697959;1;1;1
20820;304240;6697959;1;1;1
20820;304281;6738654;1;1;1
20810;304281;6738654;1;1;1
20815;304282;6738654;0;1;1
20801;304354;6697240;1;1;1
20815;304356;6697238;0;1;0
20820;304392;6779303;1;1;0
20810;304392;6779303;1;1;0
20815;304393;6779304;0;1;0
20801;304399;6779302;1;1;0
20801;304528;6699682;1;1;0
20815;304531;6699680;0;1;0
20810;304537;6699681;1;1;1
20820;304537;6699684;1;1;1
20801;304541;6763009;1;1;0
20810;304549;6701565;1;1;1
20820;304550;6701564;1;1;1
20801;304643;6718050;1;1;1
20820;304644;6718047;1;1;0
20810;304645;6718041;1;1;0
20801;304676;6698051;1;1;1
20801;304726;6851546;1;1;1
20815;304740;6697686;0;1;1
20815;304808;6822442;0;1;1
20810;304816;6697723;1;1;1
20820;304817;6783855;1;1;1
20820;304822;6697718;1;1;1
20810;304834;6783811;1;1;1
20810;304856;6698636;1;1;1
20820;304856;6698637;1;1;1
20815;304859;6698638;0;1;1
20820;304873;6822435;1;1;1
20820;304958;6773330;1;1;1
20810;304986;6773502;1;1;1
20801;305060;6684681;1;1;0
20801;305168;6683025;1;1;0
20820;305254;6700160;1;1;1
20810;305255;6700160;1;1;1
20810;305370;6848590;1;1;0
20820;305375;6848588;1;1;1
20820;305398;6683549;1;1;1
20810;305398;6683549;1;1;1
20815;305399;6683550;0;1;1
20801;305537;6723517;1;1;0
20810;305601;6821054;1;1;0
20801;305680;6700893;1;1;1
20815;305736;6698867;0;1;1
20801;305736;6698868;0;1;1
20820;305807;6698824;1;1;1
20810;305812;6698824;1;1;1
20810;305816;6700848;1;1;0
20801;305859;6699621;1;1;1
20815;305861;6699619;0;1;1
20810;305863;6699614;1;1;1
20820;305874;6699624;1;1;1
20801;305891;6820936;1;1;0
20801;306145;6699130;1;1;1
20801;306148;6662295;1;1;0
20820;306208;6700291;1;1;1
20820;306333;6760614;1;1;1
20810;306333;6760614;1;1;1
20815;306334;6760615;0;1;1
20801;306341;6700270;0;1;1
20810;306343;6700260;1;1;1
20801;306418;6700056;1;1;1
20815;306552;6701909;0;1;0
20820;306565;6699198;1;1;1
20810;306565;6699198;1;1;1
20815;306568;6699210;0;1;1
20801;306592;6701792;1;1;1
20820;306674;6801854;1;1;1
20820;306679;6702155;1;1;1
20810;306687;6826188;1;1;0
20801;306688;6826191;1;1;0
20820;306689;6702185;1;0;0
20820;306702;6661926;1;1;1
20810;306707;6801830;1;1;1
20815;306707;6801831;0;1;1
20801;306760;6698879;1;1;1
20815;306767;6661940;0;1;1
20810;306768;6661927;1;1;1
20810;306968;6700375;1;1;0
20801;307040;6773598;1;1;0
20820;307074;6773580;1;1;1
20810;307074;6773580;1;1;1
20815;307075;6773581;0;1;1
20810;307253;6790018;1;1;1
20820;307283;6790037;1;1;1
20815;307283;6790038;0;1;0
20801;307284;6790040;1;1;1
20801;307304;6808712;1;1;0
20801;307420;6747949;1;1;1
20810;307512;6701014;1;1;1
20820;307514;6701013;1;1;1
20801;307537;6685078;1;1;1
20810;307549;6685077;1;1;1
20820;307562;6685100;1;1;1
20815;307563;6685101;0;1;1
20801;307568;6658133;1;1;1
20810;307570;6658131;1;1;1
20820;307583;6658112;1;1;0
20820;307583;6658112;1;1;1
20801;307667;6801482;1;1;0
20820;307761;6700358;1;1;1
20810;307763;6700357;1;1;1
20801;307800;6699450;1;1;1
20810;307829;6711046;1;1;0
20810;307987;6703744;1;1;1
20820;307994;6703749;1;1;1
20810;308013;6744370;1;1;1
20820;308016;6744368;1;1;1
20801;308122;6703575;1;1;1
20820;308223;6827375;1;0;0
20815;308227;6701441;0;1;0
20820;308231;6701450;1;1;1
20801;308233;6701439;1;1;1
20810;308234;6701437;1;1;1
20820;308442;6709595;1;1;0
20801;308445;6649282;1;1;1
20801;308447;6709589;1;1;1
20815;308449;6709586;0;1;1
20820;308676;6649129;1;1;1
20810;308676;6649129;1;1;1
20801;308731;6693733;1;1;0
20815;308802;6703954;0;1;0
20810;309006;6735712;1;1;1
20820;309007;6735711;1;1;1
20801;309159;6686954;1;1;0
20801;309161;6647611;1;1;0
20801;309162;6701800;1;1;1
20801;309247;6728887;1;1;0
20820;309324;6810072;1;1;1
20810;309324;6810072;1;1;1
20801;309374;6651723;1;1;0
20801;309545;6696429;1;1;0
20801;309573;6697606;1;1;0
20820;309597;6703493;1;1;1
20810;309597;6703493;1;1;1
20801;309599;6852860;1;1;0
20801;309756;6695357;1;1;1
20801;309804;6705999;0;1;1
20820;309828;6814230;1;1;1
20815;309828;6814276;0;1;1
20801;309832;6697740;1;1;0
20815;309894;6688691;0;1;1
20810;309968;6705967;1;1;1
20820;309982;6705975;1;1;1
20801;310034;6836488;1;1;0
20820;310058;6693759;1;1;1
20810;310071;6693756;1;1;1
20801;310072;6693756;0;1;1
20801;310102;6721436;1;1;0
20810;310103;6721443;1;1;0
20820;310113;6721458;1;1;1
20810;310176;6703208;1;1;1
20801;310347;6815293;1;1;1
20820;310379;6688355;1;1;1
20801;310392;6688367;1;1;0
20810;310404;6688359;1;1;1
20820;310405;6696489;1;1;1
20810;310422;6696488;1;1;1
20801;310443;6703930;1;1;1
20820;310575;6692206;1;1;1
20801;310591;6692261;1;1;0
20810;310595;6692265;1;1;1
20801;310673;6689764;1;1;1
20801;310867;6704674;1;1;0
20820;310895;6704717;1;1;1
20810;310896;6704719;1;1;1
20801;310931;6766117;1;1;0
20801;311048;6714499;0;1;1
20810;311055;6714432;1;1;0
20820;311056;6714474;1;1;0
20815;311070;6845621;0;1;0
20801;311072;6845623;1;1;0
20820;311150;6690371;1;1;1
20810;311154;6690356;1;1;1
20810;311175;6680707;1;1;1
20801;311176;6680714;1;1;1
20820;311211;6680699;1;1;1
20801;311232;6263972;1;0;0
20815;311434;6782290;0;1;1
20820;311434;6782302;1;1;1
20810;311434;6782302;1;1;1
20801;311435;6782305;1;1;0
20810;311602;6650169;1;1;1
20820;311622;6650144;1;1;1
20820;311651;6839436;1;1;0
20801;311793;6655535;1;1;0
20820;311795;6655534;1;1;0
20810;311796;6655533;1;1;0
20815;311796;6655534;0;1;1
20801;311853;6692509;1;1;0
20810;311962;6827265;1;1;1
20820;311967;6827320;1;1;1
20820;312018;6771149;1;1;1
20801;312036;6771135;1;1;1
20810;312036;6771162;1;1;1
20801;312046;6261971;1;1;1
20801;312307;6263878;1;1;1
20810;312318;6263882;1;1;1
20815;312355;6263874;0;1;1
20801;312373;6680341;1;1;1
20801;312393;6849270;1;1;1
20815;312410;6738258;0;1;1
20820;312438;6740001;1;1;1
20810;312439;6740005;1;1;1
20820;312441;6701768;1;1;0
20810;312474;6847645;1;1;1
20801;312482;6847645;1;1;0
20810;312490;6814729;1;1;0
20820;312517;6848911;1;1;1
20801;312558;6681716;1;1;1
20820;312567;6681717;1;1;1
20810;312568;6681710;1;1;1
20815;312568;6681718;0;1;1
20820;312573;6795441;1;1;1
20810;312573;6795441;1;1;1
20815;312574;6795441;0;1;1
20801;312676;6644921;1;1;1
20801;312730;6704327;1;1;1
20820;312732;6704324;1;1;1
20815;312732;6704324;0;1;1
20810;312741;6704358;1;1;0
20820;312850;6704263;1;0;0
20820;312918;6262730;1;1;1
20801;312939;6262699;1;1;1
20820;313030;6728256;1;1;1
20810;313051;6728254;1;1;1
20815;313052;6728255;0;1;1
20810;313107;6262804;1;1;1
20820;313156;6264351;1;1;1
20801;313177;6264357;1;1;1
20801;313225;6826293;1;1;0
20815;313248;6264348;0;1;1
20810;313253;6264371;1;1;1
20801;313328;6680794;1;0;0
20801;313443;6737841;1;1;1
20801;313470;6681078;0;1;1
20801;313620;6697734;1;1;1
20801;313728;6680801;1;0;0
20820;313844;6846087;1;1;1
20810;313875;6717604;1;1;1
20801;313880;6836458;1;1;1
20820;313881;6836503;1;1;1
20810;313881;6836503;1;1;1
20815;313882;6836504;0;1;1
20820;313931;6643943;1;1;1
20801;313978;6644035;1;1;1
20820;314057;6800865;1;1;1
20810;314059;6800861;1;1;1
20801;314062;6261705;1;1;1
20810;314065;6261711;1;1;1
20815;314074;6261700;0;1;1
20801;314103;6262454;1;1;1
20820;314108;6261671;1;1;1
20820;314387;6644420;1;1;1
20810;314423;6644406;1;1;1
20801;314458;6644435;1;1;1
20815;314460;6644435;0;1;1
20801;314495;6264327;1;1;1
20801;314499;6800500;1;1;1
20801;314540;6775921;1;1;0
20810;314817;6679983;1;1;0
20801;314820;6679987;1;1;1
20820;314820;6679995;1;1;1
20801;314883;6643511;1;1;1
